<?xml version="1.0" encoding="utf-8" ?><dwsync><file name="Hind-Bold.eot" server="ryanmaurodesign.ipower.com//justcapholding/" local="3508218220" remote="3508515180" Dst="-1" /><file name="Hind-Bold.svg" server="ryanmaurodesign.ipower.com//justcapholding/" local="3508218220" remote="3508515180" Dst="-1" /><file name="Hind-Bold.ttf" server="ryanmaurodesign.ipower.com//justcapholding/" local="3508218220" remote="3508515180" Dst="-1" /><file name="preview.html" server="ryanmaurodesign.ipower.com//justcapholding/" local="3508218220" remote="3508515180" Dst="-1" /><file name="styles.css" server="ryanmaurodesign.ipower.com//justcapholding/" local="3508218220" remote="3508515180" Dst="-1" /><file name="Hind-Bold.woff" server="ryanmaurodesign.ipower.com//justcapholding/" local="3508218220" remote="3508515180" Dst="-1" /><file name="Hind-Bold.ttf" server="ftp.ryanmaurodesign.com//" local="3508950964" remote="3508952760" Dst="-1" /><file name="Hind-Bold.eot" server="ftp.ryanmaurodesign.com//" local="3508950964" remote="3508952760" Dst="-1" /><file name="Hind-Bold.svg" server="ftp.ryanmaurodesign.com//" local="3508950964" remote="3508952760" Dst="-1" /><file name="preview.html" server="ftp.ryanmaurodesign.com//" local="3508950964" remote="3508952760" Dst="-1" /><file name="styles.css" server="ftp.ryanmaurodesign.com//" local="3508950964" remote="3508952760" Dst="-1" /><file name="Hind-Bold.woff" server="ftp.ryanmaurodesign.com//" local="3508950964" remote="3508952760" Dst="-1" /><file name="Hind-Bold.eot" server="ftp.ryanmaurodesign.com//justcapholding/" local="3509105705" remote="3509105760" Dst="-1" /><file name="Hind-Bold.ttf" server="ftp.ryanmaurodesign.com//justcapholding/" local="3509105705" remote="3509105760" Dst="-1" /><file name="Hind-Bold.svg" server="ftp.ryanmaurodesign.com//justcapholding/" local="3509105705" remote="3509105760" Dst="-1" /><file name="preview.html" server="ftp.ryanmaurodesign.com//justcapholding/" local="3509105705" remote="3509105760" Dst="-1" /><file name="styles.css" server="ftp.ryanmaurodesign.com//justcapholding/" local="3509105705" remote="3509105760" Dst="-1" /><file name="Hind-Bold.woff" server="ftp.ryanmaurodesign.com//justcapholding/" local="3509105705" remote="3509105760" Dst="-1" /></dwsync>