<?xml version="1.0" encoding="utf-8" ?><dwsync><file name="FolioStd-BoldCondensed.eot" server="ryanmaurodesign.ipower.com//justcapholding/" local="3508209350" remote="3508515180" Dst="-1" /><file name="FolioStd-BoldCondensed.otf" server="ryanmaurodesign.ipower.com//justcapholding/" local="3508209350" remote="3508515180" Dst="-1" /><file name="FolioStd-BoldCondensed.ttf" server="ryanmaurodesign.ipower.com//justcapholding/" local="3508209350" remote="3508515180" Dst="-1" /><file name="FolioStd-BoldCondensed.woff" server="ryanmaurodesign.ipower.com//justcapholding/" local="3508209352" remote="3508515180" Dst="-1" /><file name="FolioStd-BoldCondensed.svg" server="ryanmaurodesign.ipower.com//justcapholding/" local="3508209352" remote="3508515180" Dst="-1" /><file name="styles.css" server="ryanmaurodesign.ipower.com//justcapholding/" local="3508209352" remote="3508515180" Dst="-1" /><file name="FolioStd-BoldCondensed.eot" server="ftp.ryanmaurodesign.com//" local="3508950963" remote="3508952760" Dst="-1" /><file name="FolioStd-BoldCondensed.otf" server="ftp.ryanmaurodesign.com//" local="3508950963" remote="3508952760" Dst="-1" /><file name="FolioStd-BoldCondensed.svg" server="ftp.ryanmaurodesign.com//" local="3508950963" remote="3508952760" Dst="-1" /><file name="FolioStd-BoldCondensed.woff" server="ftp.ryanmaurodesign.com//" local="3508950963" remote="3508952760" Dst="-1" /><file name="FolioStd-BoldCondensed.ttf" server="ftp.ryanmaurodesign.com//" local="3508950963" remote="3508952760" Dst="-1" /><file name="styles.css" server="ftp.ryanmaurodesign.com//" local="3508950963" remote="3508952760" Dst="-1" /><file name="FolioStd-BoldCondensed.eot" server="ftp.ryanmaurodesign.com//justcapholding/" local="3509105704" remote="3509105760" Dst="-1" /><file name="FolioStd-BoldCondensed.otf" server="ftp.ryanmaurodesign.com//justcapholding/" local="3509105704" remote="3509105760" Dst="-1" /><file name="FolioStd-BoldCondensed.svg" server="ftp.ryanmaurodesign.com//justcapholding/" local="3509105704" remote="3509105760" Dst="-1" /><file name="FolioStd-BoldCondensed.woff" server="ftp.ryanmaurodesign.com//justcapholding/" local="3509105704" remote="3509105760" Dst="-1" /><file name="FolioStd-BoldCondensed.ttf" server="ftp.ryanmaurodesign.com//justcapholding/" local="3509105704" remote="3509105760" Dst="-1" /><file name="styles.css" server="ftp.ryanmaurodesign.com//justcapholding/" local="3509105704" remote="3509105760" Dst="-1" /></dwsync>