<?xml version="1.0" encoding="utf-8" ?><dwsync><file name="Hind-Regular.eot" server="ryanmaurodesign.ipower.com//justcapholding/" local="3508218160" remote="3508515180" Dst="-1" /><file name="Hind-Regular.ttf" server="ryanmaurodesign.ipower.com//justcapholding/" local="3508218160" remote="3508515180" Dst="-1" /><file name="Hind-Regular.svg" server="ryanmaurodesign.ipower.com//justcapholding/" local="3508218160" remote="3508515180" Dst="-1" /><file name="preview.html" server="ryanmaurodesign.ipower.com//justcapholding/" local="3508218160" remote="3508515180" Dst="-1" /><file name="styles.css" server="ryanmaurodesign.ipower.com//justcapholding/" local="3508218160" remote="3508515180" Dst="-1" /><file name="Hind-Regular.woff" server="ryanmaurodesign.ipower.com//justcapholding/" local="3508218160" remote="3508515180" Dst="-1" /><file name="Hind-Regular.eot" server="ftp.ryanmaurodesign.com//" local="3508950964" remote="3508952760" Dst="-1" /><file name="Hind-Regular.ttf" server="ftp.ryanmaurodesign.com//" local="3508950964" remote="3508952760" Dst="-1" /><file name="Hind-Regular.svg" server="ftp.ryanmaurodesign.com//" local="3508950964" remote="3508952760" Dst="-1" /><file name="preview.html" server="ftp.ryanmaurodesign.com//" local="3508950965" remote="3508952760" Dst="-1" /><file name="Hind-Regular.woff" server="ftp.ryanmaurodesign.com//" local="3508950965" remote="3508952760" Dst="-1" /><file name="styles.css" server="ftp.ryanmaurodesign.com//" local="3508950965" remote="3508952760" Dst="-1" /><file name="Hind-Regular.eot" server="ftp.ryanmaurodesign.com//justcapholding/" local="3509105706" remote="3509105760" Dst="-1" /><file name="Hind-Regular.ttf" server="ftp.ryanmaurodesign.com//justcapholding/" local="3509105706" remote="3509105760" Dst="-1" /><file name="Hind-Regular.svg" server="ftp.ryanmaurodesign.com//justcapholding/" local="3509105706" remote="3509105760" Dst="-1" /><file name="preview.html" server="ftp.ryanmaurodesign.com//justcapholding/" local="3509105706" remote="3509105820" Dst="-1" /><file name="styles.css" server="ftp.ryanmaurodesign.com//justcapholding/" local="3509105706" remote="3509105820" Dst="-1" /><file name="Hind-Regular.woff" server="ftp.ryanmaurodesign.com//justcapholding/" local="3509105706" remote="3509105820" Dst="-1" /></dwsync>