<?xml version="1.0" encoding="utf-8" ?><dwsync><file name="andy_knauer.jpg" server="ftp.ryanmaurodesign.com//" local="3508950953" remote="3508952760" Dst="-1" /><file name="angela_akinyemi.jpg" server="ftp.ryanmaurodesign.com//" local="3508950953" remote="3508952760" Dst="-1" /><file name="btn-active-blue.png" server="ftp.ryanmaurodesign.com//" local="3508950953" remote="3508952760" Dst="-1" /><file name="btn-active-white.png" server="ftp.ryanmaurodesign.com//" local="3508950953" remote="3508952760" Dst="-1" /><file name="btn-inactive-blue.png" server="ftp.ryanmaurodesign.com//" local="3508950953" remote="3508952760" Dst="-1" /><file name="btn-inactive-white.png" server="ftp.ryanmaurodesign.com//" local="3508950953" remote="3508952760" Dst="-1" /><file name="gabi_blumberg.jpg" server="ftp.ryanmaurodesign.com//" local="3508950953" remote="3508952760" Dst="-1" /><file name="heather_mcgeory.jpg" server="ftp.ryanmaurodesign.com//" local="3508950954" remote="3508952760" Dst="-1" /><file name="hewson_baltzell.jpg" server="ftp.ryanmaurodesign.com//" local="3508950954" remote="3508952760" Dst="-1" /><file name="kimberly_gladman.jpg" server="ftp.ryanmaurodesign.com//" local="3508950954" remote="3508952760" Dst="-1" /><file name="logo-side-blue.png" server="ftp.ryanmaurodesign.com//" local="3508950954" remote="3508952760" Dst="-1" /><file name="logo-side-grey.png" server="ftp.ryanmaurodesign.com//" local="3508950954" remote="3508952760" Dst="-1" /><file name="logo-side-white.png" server="ftp.ryanmaurodesign.com//" local="3508950954" remote="3508952760" Dst="-1" /><file name="martin_whittaker.jpg" server="ftp.ryanmaurodesign.com//" local="3508950954" remote="3508952760" Dst="-1" /><file name="nav_logo.png" server="ftp.ryanmaurodesign.com//" local="3508950954" remote="3508952760" Dst="-1" /><file name="sam_schrager.jpg" server="ftp.ryanmaurodesign.com//" local="3508950954" remote="3508952760" Dst="-1" /><file name="andy_knauer.jpg" server="ftp.ryanmaurodesign.com//justcapholding/" local="3509105706" remote="3509105820" Dst="-1" /><file name="angela_akinyemi.jpg" server="ftp.ryanmaurodesign.com//justcapholding/" local="3509105706" remote="3509105820" Dst="-1" /><file name="btn-active-blue.png" server="ftp.ryanmaurodesign.com//justcapholding/" local="3509105706" remote="3509105820" Dst="-1" /><file name="btn-active-white.png" server="ftp.ryanmaurodesign.com//justcapholding/" local="3509105707" remote="3509105820" Dst="-1" /><file name="btn-inactive-blue.png" server="ftp.ryanmaurodesign.com//justcapholding/" local="3509105707" remote="3509105820" Dst="-1" /><file name="btn-inactive-white.png" server="ftp.ryanmaurodesign.com//justcapholding/" local="3509105707" remote="3509105820" Dst="-1" /><file name="gabi_blumberg.jpg" server="ftp.ryanmaurodesign.com//justcapholding/" local="3509105707" remote="3509105820" Dst="-1" /><file name="heather_mcgeory.jpg" server="ftp.ryanmaurodesign.com//justcapholding/" local="3509105707" remote="3509105820" Dst="-1" /><file name="hewson_baltzell.jpg" server="ftp.ryanmaurodesign.com//justcapholding/" local="3509105707" remote="3509105820" Dst="-1" /><file name="kimberly_gladman.jpg" server="ftp.ryanmaurodesign.com//justcapholding/" local="3509105707" remote="3509105820" Dst="-1" /><file name="logo-side-blue.png" server="ftp.ryanmaurodesign.com//justcapholding/" local="3509105707" remote="3509105820" Dst="-1" /><file name="logo-side-grey.png" server="ftp.ryanmaurodesign.com//justcapholding/" local="3509105707" remote="3509105820" Dst="-1" /><file name="logo-side-white.png" server="ftp.ryanmaurodesign.com//justcapholding/" local="3509105707" remote="3509105820" Dst="-1" /><file name="martin_whittaker.jpg" server="ftp.ryanmaurodesign.com//justcapholding/" local="3509105707" remote="3509105820" Dst="-1" /><file name="nav_logo.png" server="ftp.ryanmaurodesign.com//justcapholding/" local="3509105707" remote="3509105820" Dst="-1" /><file name="sam_schrager.jpg" server="ftp.ryanmaurodesign.com//justcapholding/" local="3509105707" remote="3509105820" Dst="-1" /><file name="typographic-bg.png" server="ftp.ryanmaurodesign.com//justcapholding/" local="3509105708" remote="3509105820" Dst="-1" /></dwsync>